Workbook

Sheet Data
A1: Sl.No | B1: Product | C1: Price | D1: Screen | E1: Capacity | F1: Connectivity | G1: Gen
A2: 1 | B2: 16GB Wifi Mini 2 | C2: 279 | D2: Mini | E2: 16GB | F2: Wifi | G2: Previous
A3: 2 | B3: 32GB Wifi Mini 2 | C3: 379 | D3: Mini | E3: 32GB | F3: Wifi | G3: Previous
A4: 3 | B4: 16GB Wifi Mini 4 | C4: 399 | D4: Mini | E4: 16GB | F4: Wifi | G4: Current
A5: 4 | B5: 16GB Wifi Air | C5: 399 | D5: Air | E5: 16GB | F5: Wifi | G5: Previous | J5: minimunm | K5: =MIN(C2:C24) -> 279
A6: 5 | B6: 16GB Wifi Mini 2 | C6: 409 | D6: Mini | E6: 16GB | F6: Wifi | G6: Previous | J6: Quartile 1 | K6: =QUARTILE(C2:C24,1) -> 499
A7: 6 | B7: 64GB Wifi Mini 4 | C7: 499 | D7: Mini | E7: 64GB | F7: Wifi | G7: Current | J7: Mean/ avg | K7: =AVERAGE(C2:C24) -> 605.52174
A8: 7 | B8: 32GB Wifi Air | C8: 499 | D8: Air | E8: 32GB | F8: Wifi | G8: Previous | J8: Median /Q2 | K8: =MEDIAN(C2:C24) -> 599
A9: 8 | B9: 16GB Wifi Air 2 | C9: 499 | D9: Air | E9: 16GB | F9: Wifi | G9: Current | J9: Quartile 3 | K9: =QUARTILE(C2:C24,3) -> 714
A10: 9 | B10: 16GB Cellular Mini 4 | C10: 529 | D10: Mini | E10: 16GB | F10: Cellular | G10: Current | J10: Maximum/ Q4 | K10: =QUARTILE(C2:C24,4) -> 1079
A11: 10 | B11: 16GB Cellular Air | C11: 529 | D11: Air | E11: 16GB | F11: Cellular | G11: Previous | J11: Mode | K11: =MODE(C2:C24) -> 499
A12: 11 | B12: 128GB Wifi Mini 4 | C12: 599 | D12: Mini | E12: 128GB | F12: Wifi | G12: Current | J12: range/min-max | K12: =K10-K5 -> 800
A13: 12 | B13: 64 GB Wifi 2 | C13: 599 | D13: Mini | E13: 64GB | F13: wifi | G13: current
A14: 13 | B14: 3263 Cellular Mini 2 | C14: 609 | D14: Mini | E14: 32GB | F14: Cellular | G14: Previous | J14: variance | K14: =VAR(C2:C24) -> 36278.261
A15: 14 | B15: 64GB Cellular Mini 4 | C15: 629 | D15: Mini | E15: 64GB | F15: Cellular | G15: Current | J15: standard deviation | K15: =STDEV(C2:C24) -> 190.46853
A16: 15 | B16: 32GB Cellular Air | C16: 629 | D16: Air | E16: 32GB | F16: Cellular | G16: Previous
A17: 16 | B17: 16GB Cellular Air 2 | C17: 629 | D17: Air | E17: 16GB | F17: Cellular | G17: Current
A18: 17 | B18: 128GB Wifi Air 2 | C18: 699 | D18: Air | E18: 128GB | F18: Wifi | G18: Current | J18: kurtosis | K18: =KURT(C2:C24) -> 0.54631475 | L18: accept
A19: 18 | B19: 128GB Cellular Mini 4 | C19: 729 | D19: Mini | E19: 128GB | F19: Cellular | G19: Current | J19: skewness | K19: =SKEW(C2:C24) -> 0.6738358 | L19: accept
A20: 19 | B20: 64GB Cellular Air 2 | C20: 729 | D20: Air | E20: 64GB | F20: Cellular | G20: Current
A21: 20 | B21: 32GB Wifi Pro | C21: 799 | D21: Pro | E21: 32GB | F21: Wifi | G21: Current
A22: 21 | B22: 128GB Cellular Air 2 | C22: 829 | D22: Air | E22: 128GB | F22: Cellular | G22: Current
A23: 22 | B23: 128GB Wifi Pro | C23: 949 | D23: Pro | E23: 128GB | F23: Wifi | G23: Current
A24: 23 | B24: 128 GB Cellular pro | C24: 1079 | D24: Pro | E24: 128GB | F24: Cellular | G24: Current

Sheet encoding
A1: Price | B1: Screen | C1: Capacity | D1: Connectivity | E1: Gen | H1: Price | I1: Screen | J1: Capacity | K1: Connectivity | L1: Gen
A2: 279 | B2: Mini | C2: 16GB | D2: Wifi | E2: Previous | H2: 279 | I2: =VLOOKUP(B2,$P$3:$Q$5,2,0) -> 1 | J2: =VLOOKUP(C2,$P$8:$Q$11,2,0) -> 1 | K2: =VLOOKUP(D2,$P$14:$Q$15,2,0) -> 1 | L2: =VLOOKUP(E2,$P$18:$Q$19,2,0) -> 1 | P2: Screen | Q2: encoding
A3: 379 | B3: Mini | C3: 32GB | D3: Wifi | E3: Previous | H3: 379 | I3: =VLOOKUP(B3,$P$3:$Q$5,2,0) -> 1 | J3: =VLOOKUP(C3,$P$8:$Q$11,2,0) -> 2 | K3: =VLOOKUP(D3,$P$14:$Q$15,2,0) -> 1 | L3: =VLOOKUP(E3,$P$18:$Q$19,2,0) -> 1 | P3: Mini | Q3: 1
A4: 399 | B4: Mini | C4: 16GB | D4: Wifi | E4: Current | H4: 399 | I4: =VLOOKUP(B4,$P$3:$Q$5,2,0) -> 1 | J4: =VLOOKUP(C4,$P$8:$Q$11,2,0) -> 1 | K4: =VLOOKUP(D4,$P$14:$Q$15,2,0) -> 1 | L4: =VLOOKUP(E4,$P$18:$Q$19,2,0) -> 2 | P4: Air | Q4: 2
A5: 399 | B5: Air | C5: 16GB | D5: Wifi | E5: Previous | H5: 399 | I5: =VLOOKUP(B5,$P$3:$Q$5,2,0) -> 2 | J5: =VLOOKUP(C5,$P$8:$Q$11,2,0) -> 1 | K5: =VLOOKUP(D5,$P$14:$Q$15,2,0) -> 1 | L5: =VLOOKUP(E5,$P$18:$Q$19,2,0) -> 1 | P5: Pro | Q5: 3
A6: 409 | B6: Mini | C6: 16GB | D6: Wifi | E6: Previous | H6: 409 | I6: =VLOOKUP(B6,$P$3:$Q$5,2,0) -> 1 | J6: =VLOOKUP(C6,$P$8:$Q$11,2,0) -> 1 | K6: =VLOOKUP(D6,$P$14:$Q$15,2,0) -> 1 | L6: =VLOOKUP(E6,$P$18:$Q$19,2,0) -> 1
A7: 499 | B7: Mini | C7: 64GB | D7: Wifi | E7: Current | H7: 499 | I7: =VLOOKUP(B7,$P$3:$Q$5,2,0) -> 1 | J7: =VLOOKUP(C7,$P$8:$Q$11,2,0) -> 3 | K7: =VLOOKUP(D7,$P$14:$Q$15,2,0) -> 1 | L7: =VLOOKUP(E7,$P$18:$Q$19,2,0) -> 2 | P7: Capacity | Q7: encoding
A8: 499 | B8: Air | C8: 32GB | D8: Wifi | E8: Previous | H8: 499 | I8: =VLOOKUP(B8,$P$3:$Q$5,2,0) -> 2 | J8: =VLOOKUP(C8,$P$8:$Q$11,2,0) -> 2 | K8: =VLOOKUP(D8,$P$14:$Q$15,2,0) -> 1 | L8: =VLOOKUP(E8,$P$18:$Q$19,2,0) -> 1 | P8: 16GB | Q8: 1
A9: 499 | B9: Air | C9: 16GB | D9: Wifi | E9: Current | H9: 499 | I9: =VLOOKUP(B9,$P$3:$Q$5,2,0) -> 2 | J9: =VLOOKUP(C9,$P$8:$Q$11,2,0) -> 1 | K9: =VLOOKUP(D9,$P$14:$Q$15,2,0) -> 1 | L9: =VLOOKUP(E9,$P$18:$Q$19,2,0) -> 2 | P9: 32GB | Q9: 2
A10: 529 | B10: Mini | C10: 16GB | D10: Cellular | E10: Current | H10: 529 | I10: =VLOOKUP(B10,$P$3:$Q$5,2,0) -> 1 | J10: =VLOOKUP(C10,$P$8:$Q$11,2,0) -> 1 | K10: =VLOOKUP(D10,$P$14:$Q$15,2,0) -> 2 | L10: =VLOOKUP(E10,$P$18:$Q$19,2,0) -> 2 | P10: 64GB | Q10: 3
A11: 529 | B11: Air | C11: 16GB | D11: Cellular | E11: Previous | H11: 529 | I11: =VLOOKUP(B11,$P$3:$Q$5,2,0) -> 2 | J11: =VLOOKUP(C11,$P$8:$Q$11,2,0) -> 1 | K11: =VLOOKUP(D11,$P$14:$Q$15,2,0) -> 2 | L11: =VLOOKUP(E11,$P$18:$Q$19,2,0) -> 1 | P11: 128GB | Q11: 4
A12: 599 | B12: Mini | C12: 128GB | D12: Wifi | E12: Current | H12: 599 | I12: =VLOOKUP(B12,$P$3:$Q$5,2,0) -> 1 | J12: =VLOOKUP(C12,$P$8:$Q$11,2,0) -> 4 | K12: =VLOOKUP(D12,$P$14:$Q$15,2,0) -> 1 | L12: =VLOOKUP(E12,$P$18:$Q$19,2,0) -> 2
A13: 599 | B13: Mini | C13: 64GB | D13: wifi | E13: current | H13: 599 | I13: =VLOOKUP(B13,$P$3:$Q$5,2,0) -> 1 | J13: =VLOOKUP(C13,$P$8:$Q$11,2,0) -> 3 | K13: =VLOOKUP(D13,$P$14:$Q$15,2,0) -> 1 | L13: =VLOOKUP(E13,$P$18:$Q$19,2,0) -> 2 | P13: Connectivity | Q13: encoding
A14: 609 | B14: Mini | C14: 32GB | D14: Cellular | E14: Previous | H14: 609 | I14: =VLOOKUP(B14,$P$3:$Q$5,2,0) -> 1 | J14: =VLOOKUP(C14,$P$8:$Q$11,2,0) -> 2 | K14: =VLOOKUP(D14,$P$14:$Q$15,2,0) -> 2 | L14: =VLOOKUP(E14,$P$18:$Q$19,2,0) -> 1 | P14: Wifi | Q14: 1
A15: 629 | B15: Mini | C15: 64GB | D15: Cellular | E15: Current | H15: 629 | I15: =VLOOKUP(B15,$P$3:$Q$5,2,0) -> 1 | J15: =VLOOKUP(C15,$P$8:$Q$11,2,0) -> 3 | K15: =VLOOKUP(D15,$P$14:$Q$15,2,0) -> 2 | L15: =VLOOKUP(E15,$P$18:$Q$19,2,0) -> 2 | P15: Cellular | Q15: 2
A16: 629 | B16: Air | C16: 32GB | D16: Cellular | E16: Previous | H16: 629 | I16: =VLOOKUP(B16,$P$3:$Q$5,2,0) -> 2 | J16: =VLOOKUP(C16,$P$8:$Q$11,2,0) -> 2 | K16: =VLOOKUP(D16,$P$14:$Q$15,2,0) -> 2 | L16: =VLOOKUP(E16,$P$18:$Q$19,2,0) -> 1
A17: 629 | B17: Air | C17: 16GB | D17: Cellular | E17: Current | H17: 629 | I17: =VLOOKUP(B17,$P$3:$Q$5,2,0) -> 2 | J17: =VLOOKUP(C17,$P$8:$Q$11,2,0) -> 1 | K17: =VLOOKUP(D17,$P$14:$Q$15,2,0) -> 2 | L17: =VLOOKUP(E17,$P$18:$Q$19,2,0) -> 2 | P17: Gen | Q17: encoding
A18: 699 | B18: Air | C18: 128GB | D18: Wifi | E18: Current | H18: 699 | I18: =VLOOKUP(B18,$P$3:$Q$5,2,0) -> 2 | J18: =VLOOKUP(C18,$P$8:$Q$11,2,0) -> 4 | K18: =VLOOKUP(D18,$P$14:$Q$15,2,0) -> 1 | L18: =VLOOKUP(E18,$P$18:$Q$19,2,0) -> 2 | P18: Previous | Q18: 1
A19: 729 | B19: Mini | C19: 128GB | D19: Cellular | E19: Current | H19: 729 | I19: =VLOOKUP(B19,$P$3:$Q$5,2,0) -> 1 | J19: =VLOOKUP(C19,$P$8:$Q$11,2,0) -> 4 | K19: =VLOOKUP(D19,$P$14:$Q$15,2,0) -> 2 | L19: =VLOOKUP(E19,$P$18:$Q$19,2,0) -> 2 | P19: Current | Q19: 2
A20: 729 | B20: Air | C20: 64GB | D20: Cellular | E20: Current | H20: 729 | I20: =VLOOKUP(B20,$P$3:$Q$5,2,0) -> 2 | J20: =VLOOKUP(C20,$P$8:$Q$11,2,0) -> 3 | K20: =VLOOKUP(D20,$P$14:$Q$15,2,0) -> 2 | L20: =VLOOKUP(E20,$P$18:$Q$19,2,0) -> 2
A21: 799 | B21: Pro | C21: 32GB | D21: Wifi | E21: Current | H21: 799 | I21: =VLOOKUP(B21,$P$3:$Q$5,2,0) -> 3 | J21: =VLOOKUP(C21,$P$8:$Q$11,2,0) -> 2 | K21: =VLOOKUP(D21,$P$14:$Q$15,2,0) -> 1 | L21: =VLOOKUP(E21,$P$18:$Q$19,2,0) -> 2
A22: 829 | B22: Air | C22: 128GB | D22: Cellular | E22: Current | H22: 829 | I22: =VLOOKUP(B22,$P$3:$Q$5,2,0) -> 2 | J22: =VLOOKUP(C22,$P$8:$Q$11,2,0) -> 4 | K22: =VLOOKUP(D22,$P$14:$Q$15,2,0) -> 2 | L22: =VLOOKUP(E22,$P$18:$Q$19,2,0) -> 2
A23: 949 | B23: Pro | C23: 128GB | D23: Wifi | E23: Current | H23: 949 | I23: =VLOOKUP(B23,$P$3:$Q$5,2,0) -> 3 | J23: =VLOOKUP(C23,$P$8:$Q$11,2,0) -> 4 | K23: =VLOOKUP(D23,$P$14:$Q$15,2,0) -> 1 | L23: =VLOOKUP(E23,$P$18:$Q$19,2,0) -> 2
A24: 1079 | B24: Pro | C24: 128GB | D24: Cellular | E24: Current | H24: 1079 | I24: =VLOOKUP(B24,$P$3:$Q$5,2,0) -> 3 | J24: =VLOOKUP(C24,$P$8:$Q$11,2,0) -> 4 | K24: =VLOOKUP(D24,$P$14:$Q$15,2,0) -> 2 | L24: =VLOOKUP(E24,$P$18:$Q$19,2,0) -> 2
I28: minimum | J28: =MIN(H2:H24) -> 279
I29: q1 | J29: =QUARTILE(H2:H24,1) -> 499
I30: q2 | J30: =QUARTILE(H2:H24,2) -> 599
I31: median | J31: =MEDIAN(H2:H24) -> 599
I32: max | J32: =MAX(H2:H24) -> 1079
I33: mean | J33: =MEDIAN(H2:H24) -> 599
I34: mode | J34: =MODE(H2:H24) -> 499
I35: range
I37: variance | J37: =VAR(H2:H24) -> 36278.261 | K37: accept
I38: sd | J38: =STDEV(H2:H24) -> 190.46853 | K38: accept

Sheet Modeling data
A1: Price | B1: Screen | C1: Capacity | D1: Connectivity | E1: Gen
A2: 279 | B2: 1 | C2: 1 | D2: 1 | E2: 1
A3: 379 | B3: 1 | C3: 2 | D3: 1 | E3: 1
A4: 399 | B4: 1 | C4: 1 | D4: 1 | E4: 2
A5: 399 | B5: 2 | C5: 1 | D5: 1 | E5: 1
A6: 409 | B6: 1 | C6: 1 | D6: 1 | E6: 1
A7: 499 | B7: 1 | C7: 3 | D7: 1 | E7: 2
A8: 499 | B8: 2 | C8: 2 | D8: 1 | E8: 1
A9: 499 | B9: 2 | C9: 1 | D9: 1 | E9: 2
A10: 529 | B10: 1 | C10: 1 | D10: 2 | E10: 2
A11: 529 | B11: 2 | C11: 1 | D11: 2 | E11: 1
A12: 599 | B12: 1 | C12: 4 | D12: 1 | E12: 2
A13: 599 | B13: 1 | C13: 3 | D13: 1 | E13: 2
... A24: 1079 | B24: 3 | C24: 4 | D24: 2 | E24: 2

Sheet regressition
A1: SUMMARY OUTPUT
A3: Regression Statistics
A4: Multiple R | B4: 0.96508719
A5: R Square | B5: 0.93139328
A6: Adjusted R Square | B6: 0.91614734
A7: Standard Error | B7: 55.154589
A8: Observations | B8: 23
A10: ANOVA
B11: df | C11: SS | D11: MS | E11: F | F11: Significance F
A12: Regression | B12: 4 | C12: 743365.22 | D12: 185841.31 | E12: 61.09124 | F12: 3.1595151e-10
A13: Residual | B13: 18 | C13: 54756.516 | D13: 3042.0287
A14: Total | B14: 22 | C14: 798121.74
B16: Coefficients | C16: Standard Error | D16: t Stat | E16: P-value | F16: Lower 95% | G16: Upper 95% | H16: Lower 95.0% | I16: Upper 95.0%
A17: Intercept | B17: -87.801925 | C17: 54.90409 | D17: -1.5991873 | E17: 0.12718409 | F17: -203.15114 | G17: 27.547287 | H17: -203.15114 | I17: 27.547287
A18: Screen | B18: 141.21944 | C18: 16.845238 | D18: 8.3833444 | E18: 1.2504047e-07 | F18: 105.8289 | G18: 176.60997 | H18: 105.8289 | I18: 176.60997
A19: Capacity | B19: 75.743861 | C19: 11.297206 | D19: 6.7046542 | E19: 2.7505011e-06 | F19: 52.009312 | G19: 99.478411 | H19: 52.009312 | I19: 99.478411
A20: Connectivity | B20: 114.63003 | C20: 23.374906 | D20: 4.903978 | E20: 0.00011433704 | F20: 65.521171 | G20: 163.73888 | H20: 65.521171 | I20: 163.73888
A21: Gen | B21: 71.240693 | C21: 28.257322 | D21: 2.521141 | E21: 0.021347756 | F21: 11.874262 | G21: 130.60712 | H21: 11.874262 | I21: 130.60712
A23: y=m1x1+m2x2+m3x3….+c
A25: y= | B25: m1 | C25: x1 | D25: m2 | E25: x2 | F25: m3 | G25: x3 | H25: m4 | I25: x4 | J25: c
B26: 141.21944 | C26: =VLOOKUP(dashboard!G6,encoding!P3:Q5,2,0) -> 2 | D26: 75.743861 | E26: =VLOOKUP(dashboard!J6,encoding!P8:Q11,2,0) -> 4 | F26: 114.63003 | G26: =VLOOKUP(dashboard!M6,encoding!P14:Q15,2,0) -> 2 | H26: 71.240693 | I26: =VLOOKUP(dashboard!P6,encoding!P18:Q19,2,0) -> 1 | J26: -87.801925
B28: =B26*C26+D26*E26+F26*G26+H26*I26+J26 -> 798.11314

Sheet dashboard
G4: SCAREEN | J4: Capacity | M4: connectity | P4: Gen
G6: Air | J6: 128GB | M6: Cellular | P6: Previous
I14: price in usd | M14: price in ind
I16: =regressition!B28 -> 798.11314 | M16: =I16*78 -> 62252.825
